INSERT INTO users (id,name,age) VALUES
  (1,"Gregory",33),
  (2,"Ralph",44),
  (3,"Jimmy",12),
  (4,"Bob",11),
  (5,"Jessica",3333),
  (6,"Haggie",333),
  (7,"Lisa",1),
  (8,"Oprah",11),
  (9,"Jack",1133),
  (10,"Lima",15),
  (11,"Josh",33),
  (12,"Rachael",777),
  (13,"Lucy",99),
  (14,"Jim Bob",2),
  (15,"Yolo",33),
  (16,"Larry",23),
  (17,"Jasmine",100),
  (18,"Jerimiah",11),
  (19,"George",3),
  (20,"Joshua",33);

  INSERT INTO projects (id, title, category, funding_goal, start_date, end_date)
    VALUES
    (1,"Awesome Project","Greathings",1000000.55,"2013-06-30", "2013-07-30"),
    (2,"Feed the cats","Pets",200,"2013-07-30", "2013-08-30"),
    (3,"Feed the Dogs","Pets",300,"2013-09-30", "2013-11-30"),
    (4,"Walk the Dogs","Pets",10,"2013-01-30", "2013-07-29"),
    (5,"Walk the Cats","Pets",15,"2013-06-15", "2013-07-25"),
    (6,"Take pictures","AV",777,"2013-05-30", "2013-06-30"),
    (7,"Take videos","AV",13,"2013-06-10", "2013-07-10"),
    (8,"Record audio","AV",88,"2013-06-09", "2013-07-09"),
    (9,"Make Meetings","scheduling",100000,"2013-06-19", "2013-07-19"),
    (10,"Lose Stuff","forgetful",200000,"2013-06-11", "2013-07-11");

  INSERT INTO pledges (id, amount, user_id, project_id) VALUES
    (1, 1.44,20,2),
    (2, 2.44,19,1),
    (3, 3.44,18,10),
    (4, 4.44,17,4),
    (5, 5.44,16,8),
    (6, 6.44,15,7),
    (7, 7.44,14,5),
    (8, 8.44,13,6),
    (9, 9.44,12,9),
    (10, 1.33,11,8),
    (11, 1.11,10,10),
    (12, 1.99,9,3),
    (13, 1.88,8,5),
    (14, 2.55,7,5),
    (15, 2.66,6,5),
    (16, 1.44,5,8),
    (17, 1.44,4,8),
    (18, 1.44,3,8),
    (19, 1.44,2,10),
    (20, 1.44,1,1),
    (21, 1.44,2,1),
    (22, 1.44,3,4),
    (23, 1.44,4,6),
    (24, 1.44,5,6),
    (25, 1.44,6,7),
    (26, 1.44,7,7),
    (27, 1.44,8,2),
    (28, 3.20,9,2),
    (29, 3.10,10,1),
    (30, 3.00,11,1);
